,,,,-----1//0,35783301,
,,,,-----1//0,35783302,
asd,asd,asd,asd,asd-asd-asd-asdas-asd-2//20,35783303,
asd,asd,asd,asd,asd-asd-asd-asdas-asd-2//20,35783304,
,,,,-----1/0,35783305,
,,,,-----1/0,35783306,
werfwerfwer,werwerwe,ewff,werfwerfwerf,1234-1234-1234-1234-1234-2/20,35783307,
,,,,-----1/0,35783308,
123,123,123,123,123-123-123-123123-123-2/21,35783309,
,,,,-----1/0,35783310,
,,,,-----1/0,35783311,
,,,,-----1/0,35783312,
,,,,-----1/0,35783313,
,,,,-----1/0,35783314,
,,,,-----1/0,35783315,
,,,,-----1/0,35783316,
,,,,-----1/0,35783317,
